user_id,date,twitter_id,text,hyperlinks,likes,retweets,related_hashtags,tweet_link
 Evan317 , 2020-07-10 23:59:57 , 1281739969959276545 ,@theassassinbaby COME ON @ufc THIS IS HIS OPPORTUNITY!!! #mma #mmatwitter #ufc251 #UFCFightIsland #ufc #ufcfightnight https://t.co/VVpoczUq7s, empty , 1 , 0 ,mma mmatwitter ufc    UFCFightIsland ufc ufcfightnight , https://twitter.com/id/status/1281739969959276545 
 k_shouwa , 2020-07-10 23:59:56 , 1281739969271226368 ,"We ùíéùíäùíàùíâùíï not need the judges for this one‚Ä¶üò≥

üá®üá≠ @Volkan_Oezdemir welcomes the debuting üá®üáø @Jiri_BJP to the Octagon to close the #UFC251 prelims!

#InAbuDhabi | @VisitAbuDhabi https://t.co/7kuPLrhx3O", empty , 239 , 41 , empty , https://twitter.com/id/status/1281739969271226368 
 chrisgitser , 2020-07-10 23:59:55 , 1281739962128498689 ,Jorge Masvidal cutting weight ‚öñÔ∏è (via @GamebredFighter) #UFC251 #UFCFightIsland https://t.co/us3dHqRumX,https://pbs.twimg.com/media/EckV-7-XkAAYLW2.jpg , 9212 , 1063 ,UFC    UFCFightIsland , https://twitter.com/id/status/1281739962128498689 
 NASTYNOE98 , 2020-07-10 23:59:50 , 1281739942373158912 ,@NASTYNOE98 You‚Äôre all set! We‚Äôll send you a reminder on 7/11 to stream #UFC251 LIVE on ESPN+ #ESPNPlus #UFCFightIsland https://t.co/DwUwkN0lQj, empty , 1 , 1 ,UFC    ESPNPlus UFCFightIsland , https://twitter.com/id/status/1281739942373158912 
 leyva_jay , 2020-07-10 23:59:47 , 1281739928863465475 ,Miami Heat captain @ThisIsUD has faith @GamebredFighter gets it done tomorrow night at #UFC251 https://t.co/erftIuY6yd,https://video.twimg.com/ext_tw_video/1281688910884753409/pu/vid/480x270/hUj-dCRQStXTHIvH.mp4?tag=10, 583 , 94 ,UFC    , https://twitter.com/id/status/1281739928863465475 
 JoaquinSmooth , 2020-07-10 23:59:42 , 1281739907648483328 ,"‚ù§Ô∏è this Tweet for a reminder to stream #UFC251 LIVE from Fight Island on 7/11, only on ESPN+ PPV #ESPNPlus #UFCFightIsland https://t.co/TikuZaPBIi", empty , 20732 , 2453 ,UFC    ESPNPlus UFCFightIsland , https://twitter.com/id/status/1281739907648483328 
 MCombs601 , 2020-07-10 23:59:41 , 1281739903068405762 ,"I‚Äôll be sending $10 on CashApp to a couple of people that are subscribed to my YouTube channel, like and comment on my most recent video. Reply with proof...must be following üëÄ
Make sure to get your picks in before the fights tomorrow night ü§ë
#UFC251 

https://t.co/bNqyoOsgcc", empty , 22 , 10 , empty , https://twitter.com/id/status/1281739903068405762 
 ChaseMistretta , 2020-07-10 23:59:34 , 1281739875138641920 ,"FOR WELTERWEIGHT GOLD. üèÜ

üèÜüá≥üá¨ @USMAN84kg vs ü§¨ @GamebredFighter 

Order now ‚û°Ô∏è https://t.co/bzG8eulB7q #UFC251 https://t.co/VObQcd0mrp", empty , 12098 , 2636 ,UFC    , https://twitter.com/id/status/1281739875138641920 
 FrenchJerrid , 2020-07-10 23:59:31 , 1281739860953505793 ,ANDRADE vs NAMAJUNES! #UFC251 is LIVE TOMORROW on @espn+ PPV at 10pm ET #InAbuDhabi https://t.co/9tTWoREOJK,https://video.twimg.com/ext_tw_video/1281610112906473472/pu/pl/DqzlhfoQzfs0-Tlr.m3u8?tag=10, 936 , 126 ,UFC    InAbuDhabi , https://twitter.com/id/status/1281739860953505793 
 llalypop , 2020-07-10 23:59:30 , 1281739859414016000 ,Work is officially done for the day and I can really get excited for tomorrow‚Äôs fight night ü§óüò¨ #UFC251, empty , 7 , 1 ,UFC    , https://twitter.com/id/status/1281739859414016000 
 PAMESHELL , 2020-07-10 23:59:25 , 1281739837322801152 ,"‚ù§Ô∏è this Tweet for a reminder to stream #UFC251 LIVE from Fight Island on 7/11, only on ESPN+ PPV #ESPNPlus #UFCFightIsland https://t.co/TikuZaPBIi", empty , 20732 , 2453 ,UFC    ESPNPlus UFCFightIsland , https://twitter.com/id/status/1281739837322801152 
 conordunne6 , 2020-07-10 23:59:17 , 1281739805714296832 ,"1Ô∏è‚É£7Ô∏è‚É£0Ô∏è‚É£!

@GamebredFighter is OFFICIAL for #UFC251 https://t.co/3oyN5RlVcL",https://video.twimg.com/amplify_video/1281589460011016192/pl/zkCspzD5u9qxPp95.m3u8?tag=13, 14738 , 2325 ,UFC    , https://twitter.com/id/status/1281739805714296832 
 JoelLundhagen , 2020-07-10 23:59:10 , 1281739776085970949 ,"FOR WELTERWEIGHT GOLD. üèÜ

üèÜüá≥üá¨ @USMAN84kg vs ü§¨ @GamebredFighter 

Order now ‚û°Ô∏è https://t.co/bzG8eulB7q #UFC251 https://t.co/VObQcd0mrp", empty , 12098 , 2636 ,UFC    , https://twitter.com/id/status/1281739776085970949 
 _MattMet_ , 2020-07-10 23:59:06 , 1281739758293733376 ,"ONE YEAR AGO.

ü§¨ @GamebredFighter gave us arguably the most iconic KO of all-time!

#InAbuDhabi @VisitAbuDhabi #UFC251 https://t.co/qkvIY5Y40k", empty , 25641 , 5747 ,InAbuDhabi UFC    , https://twitter.com/id/status/1281739758293733376 
 LeorMichan , 2020-07-10 23:59:00 , 1281739732746211328 ,"Kamaru, Kamaru. He's fighting, tomorrow. It's only a day away. @USMAN84kg @ufc #FightIsland #UFC251 https://t.co/PyvN1ZHlbj",https://video.twimg.com/tweet_video/EcmnfZrXkAImRbz.mp4, 1 , 0 ,FightIsland UFC    , https://twitter.com/id/status/1281739732746211328 
 EagleAiMMAPain , 2020-07-10 23:58:59 , 1281739727234891776 ,"Great to chat with @MeganOlivi &amp; @espnmma about my brother @GamebredFighter and his huge fight this weekend against undefeated in the @ufc Welterweight Champion @USMAN84kg. 
When one‚Äôs mentality shifts, the world shifts with it. 
Can‚Äôt wait! üí™üèæ
#UFC251 #FightIsland https://t.co/n8SyB79lOy", empty , 1855 , 128 , empty , https://twitter.com/id/status/1281739727234891776 
 Moscreamfightp1 , 2020-07-10 23:58:56 , 1281739716660989953 ,9pm est we liveee for After the weighin the FINAL weighin #UFC251 #UFCFightIsland we will have myself @mrfatfist @MMALockerRoom @PredictionMma &amp; special guest the HIGHLIGHT himself mr @daii24_dre so come drop strap in for this @odds110 weekend! #MMATwitter https://t.co/F3QAtQO6Tf,https://video.twimg.com/ext_tw_video/1280337080758022145/pu/vid/640x640/tb37M_IEckYl1S2e.mp4?tag=10, 14 , 4 ,UFC    UFCFightIsland MMATwitter , https://twitter.com/id/status/1281739716660989953 
 steturton , 2020-07-10 23:58:56 , 1281739716094832648 ,"Pope thinks ‚Å¶@GamebredFighter‚Å©‚Äôs a 'scab‚Äô for jumping on this weekend‚Äôs #UFC251 card. Latest convo bounces from MMA to Naby Keita, with some Ron Jeremy in-between.

#Podcast
#FightIsland
#Masvidal

 https://t.co/8Wp31DSyGZ", empty , 2 , 0 ,UFC    Podcast FightIsland Masvidal , https://twitter.com/id/status/1281739716094832648 
 UFCsimp , 2020-07-10 23:58:54 , 1281739708658339849 ,"It just dawned on me, literally just now, that Alexander Volkanovski is getting finished tomorrow by MaxüëÄ

Sorry in advance champ (to be former champ) @alexvolkanovski 

#UFCFightIsland #UFC251", empty , 1 , 0 ,UFCFightIsland UFC    , https://twitter.com/id/status/1281739708658339849 
 NASTYNOE98 , 2020-07-10 23:58:41 , 1281739652064440321 ,"‚ù§Ô∏è this Tweet for a reminder to stream #UFC251 LIVE from Fight Island on 7/11, only on ESPN+ PPV #ESPNPlus #UFCFightIsland https://t.co/TikuZaPBIi", empty , 20732 , 2453 ,UFC    ESPNPlus UFCFightIsland , https://twitter.com/id/status/1281739652064440321 
 PauloHK4 , 2020-07-10 23:58:34 , 1281739622452793347 ,"Let's finally settle the score.

üá≥üá¨üèÜ @USMAN84kg vs ü§¨üèÜ @GamebredFighter 

#InAbuDhabi @VisitAbuDhabi #UFC251 https://t.co/8dXMdu0c76",https://video.twimg.com/amplify_video/1279883201893273603/vid/640x360/4SG2lilThRAk616a.mp4?tag=13, 7952 , 2465 ,InAbuDhabi UFC    , https://twitter.com/id/status/1281739622452793347 
 MUNCHmma , 2020-07-10 23:58:31 , 1281739611065192449 ,RIBAS vs VANZANT! #UFC251 is LIVE TOMORROW on @espn+ PPV at 10pm ET #InAbuDhabi https://t.co/AMbAMnLR4g,https://video.twimg.com/ext_tw_video/1281608988241678337/pu/vid/640x360/aASxZTyzQyMewSoN.mp4?tag=10, 949 , 96 ,UFC    InAbuDhabi , https://twitter.com/id/status/1281739611065192449 
 MelvinMansoor , 2020-07-10 23:58:29 , 1281739603976704000 ,"@ufc I don‚Äôt know how you guys do it! Every promo you release gives me goosebumps! Beautiful work!!! I can‚Äôt wait! #UFC251 #FightIsland 

https://t.co/7gX5abUdQu", empty , 0 , 0 ,UFC    FightIsland , https://twitter.com/id/status/1281739603976704000 
 osha3264 , 2020-07-10 23:58:27 , 1281739594858405889 ,Jorge Masvidal is box office üè¶ üé• #UFC251, empty , 0 , 0 ,UFC    , https://twitter.com/id/status/1281739594858405889 
 JoelLundhagen , 2020-07-10 23:58:27 , 1281739592954269696 ,"""The legend of Jorge Masvidal is very real down in Miami.""

@TheRock spoke to @MeganOlivi about the origins and recent ""awakening"" of @GamebredFighter ahead of #UFC251 https://t.co/ncokTuLugV", empty , 3255 , 495 , empty , https://twitter.com/id/status/1281739592954269696 
 ChiScores , 2020-07-10 23:58:27 , 1281739592253792263 ,"UFC Card ready üî•

$25. DM to get the card.

3-0 KBO sweep, let‚Äôs kill it again today before we commit felonious assualt upon #UFC251", empty , 17 , 5 , empty , https://twitter.com/id/status/1281739592253792263 
 MUNCHmma , 2020-07-10 23:58:24 , 1281739582262976521 ,ANDRADE vs NAMAJUNES! #UFC251 is LIVE TOMORROW on @espn+ PPV at 10pm ET #InAbuDhabi https://t.co/9tTWoREOJK,https://video.twimg.com/ext_tw_video/1281610112906473472/pu/pl/DqzlhfoQzfs0-Tlr.m3u8?tag=10, 936 , 126 ,UFC    InAbuDhabi , https://twitter.com/id/status/1281739582262976521 
 Grimzite , 2020-07-10 23:58:22 , 1281739572452483072 ,"‚ù§Ô∏è this Tweet for a reminder to stream #UFC251 LIVE from Fight Island on 7/11, only on ESPN+ PPV #ESPNPlus #UFCFightIsland https://t.co/TikuZaPBIi", empty , 20732 , 2453 ,UFC    ESPNPlus UFCFightIsland , https://twitter.com/id/status/1281739572452483072 
 MUNCHmma , 2020-07-10 23:58:19 , 1281739561341771782 ,YAN vs ALDO! #UFC251 is LIVE TOMORROW on @espn+ PPV at 10pm ET #InAbuDhabi https://t.co/VspVWdYX6U,https://video.twimg.com/ext_tw_video/1281611198488862720/pu/vid/1280x720/fCi76XDxD6BiOqHl.mp4?tag=10, 915 , 135 ,UFC    InAbuDhabi , https://twitter.com/id/status/1281739561341771782 
 rodolfo_noyola , 2020-07-10 23:58:13 , 1281739534024278016 ,"""I'm gonna have fun with your ass tomorrow.""

""You better show up!""

This is what Jorge Masvidal said to Kamaru Usman when they faced off üëÄ #UFC251 https://t.co/x51EzG0IMc", empty , 911 , 156 , empty , https://twitter.com/id/status/1281739534024278016 
 KeggerCEO , 2020-07-10 23:58:11 , 1281739527367864320 ,"Live in 10! My guys @KeggerCEO &amp; @joeywerk talk about #UFC251 &amp; Fight predictions with #UFC fighter  Brandon Royval! Come hang out  &amp; hear what the guys are on tomorrow! #FightIsland #MMATwitter #BettingTips Link Below‚¨áÔ∏è
https://t.co/KwPB4Uh5B8
@TheSportsKegRPS 
@RunPureSports https://t.co/cURXl54Z5S", empty , 10 , 1 ,UFC    UFC , https://twitter.com/id/status/1281739527367864320 
 WhimsicalZombie , 2020-07-10 23:58:09 , 1281739520023711744 ,"I am sorry y'all can stay mad, but the part about his dad gives me life. ü§£ Grown men showing respect or love for a parent in public I will always smile about. He gave his pops the belt! It means that belt is more than a title to him imo. #UFC251‚ÄØ#MMA https://t.co/xGF00yYcd7", empty , 0 , 0 ,UFC    MMA , https://twitter.com/id/status/1281739520023711744 
 RukeDoufus , 2020-07-10 23:58:05 , 1281739501824552961 ,Listen bitches Retarde doubting Max Blessed Holloway this weekend he‚Äôs gonna be an easy money winner 9u #Holloway #UFC251 #FUCKMAGA #MAGAJAW, empty , 0 , 0 ,Holloway UFC    FUCKMAGA MAGAJAW , https://twitter.com/id/status/1281739501824552961 
 ChiScores , 2020-07-10 23:58:05 , 1281739501715456000 ,"UFC $25 Only for 4 more hours‚òòÔ∏è

DM to Join. I run this UFC sh*t.üëë

#UFC251 https://t.co/qZQkwLsLUT",https://video.twimg.com/tweet_video/Ecl0FKbWoAAAAOl.mp4, 13 , 6 ,UFC    , https://twitter.com/id/status/1281739501715456000 
 RichardLangan2 , 2020-07-10 23:58:02 , 1281739489879171072 ,On six days notice. #UFC251 https://t.co/aAjNHHs0vn,https://pbs.twimg.com/media/EckfsdEWoAEwcQo.jpg https://pbs.twimg.com/media/EckfsdMWsAAkDbn.jpg , 40486 , 5063 ,UFC    , https://twitter.com/id/status/1281739489879171072 
 MUNCHmma , 2020-07-10 23:58:01 , 1281739484850266112 ,VOLKANOVSKI vs HOLLOWAY! #UFC251 is LIVE TOMORROW on @espn+ PPV at 10pm ET #InAbuDhabi https://t.co/Rcljai7HzE,https://video.twimg.com/ext_tw_video/1281611835351998464/pu/vid/1280x720/Si791JDiNa7LtDWj.mp4?tag=10, 1411 , 174 ,UFC    InAbuDhabi , https://twitter.com/id/status/1281739484850266112 
 CCerovec , 2020-07-10 23:57:57 , 1281739466583883777 ,USMAN vs MASVIDAL! #UFC251 is LIVE TOMORROW on @espn+ PPV at 10pm ET #InAbuDhabi https://t.co/E8QcFSQ39m,https://video.twimg.com/ext_tw_video/1281613277311770624/pu/vid/640x360/wn6a5R6KsPE7TeEe.mp4?tag=10, 7659 , 1179 ,UFC    InAbuDhabi , https://twitter.com/id/status/1281739466583883777 
 4nvnymvs_ , 2020-07-10 23:57:56 , 1281739464583372800 ,On six days notice. #UFC251 https://t.co/aAjNHHs0vn,https://pbs.twimg.com/media/EckfsdEWoAEwcQo.jpg https://pbs.twimg.com/media/EckfsdMWsAAkDbn.jpg , 40486 , 5063 ,UFC    , https://twitter.com/id/status/1281739464583372800 
 rock1er , 2020-07-10 23:57:52 , 1281739447956992000 ,"Great to chat with @MeganOlivi &amp; @espnmma about my brother @GamebredFighter and his huge fight this weekend against undefeated in the @ufc Welterweight Champion @USMAN84kg. 
When one‚Äôs mentality shifts, the world shifts with it. 
Can‚Äôt wait! üí™üèæ
#UFC251 #FightIsland https://t.co/n8SyB79lOy", empty , 1855 , 128 , empty , https://twitter.com/id/status/1281739447956992000 
 rock1er , 2020-07-10 23:57:46 , 1281739424271761408 ,"Battling uncertainty during a global pandemic, @TheRock applauds the UFC and its fighters' for their mentality that ""the show must always on."" #UFC251 https://t.co/GjUIJbD5R3", empty , 564 , 66 , empty , https://twitter.com/id/status/1281739424271761408 
 rock1er , 2020-07-10 23:57:42 , 1281739405388943360 ,"""Guy's a beast. He's an animal.""

@TheRock tells @MeganOlivi he has ""nothing but great things to say"" about @USMAN84kg üá≥üá¨ #UFC251 https://t.co/TIzAElnc2G", empty , 805 , 84 , empty , https://twitter.com/id/status/1281739405388943360 
 rock1er , 2020-07-10 23:57:38 , 1281739390440443904 ,"With experience on some of entertainment's biggest stages, @TheRock's advice to @GamebredFighter: ""Quiet the noise"" and ""do exactly what he was born to do."" #UFC251 https://t.co/mvUpQBDTPX", empty , 727 , 78 , empty , https://twitter.com/id/status/1281739390440443904 
 patrickjkillian , 2020-07-10 23:57:38 , 1281739387810783233 ,On six days notice. #UFC251 https://t.co/aAjNHHs0vn,https://pbs.twimg.com/media/EckfsdEWoAEwcQo.jpg https://pbs.twimg.com/media/EckfsdMWsAAkDbn.jpg , 40486 , 5063 ,UFC    , https://twitter.com/id/status/1281739387810783233 
 rock1er , 2020-07-10 23:57:34 , 1281739371301924864 ,"""I'm just so grateful that I, as just as big bald tattooed fan, can sit and enjoy."" 

@TheRock is ready for #UFC251 üòÅüçø https://t.co/gXuuzyS30L", empty , 990 , 93 ,UFC    , https://twitter.com/id/status/1281739371301924864 
 RileyRadford_ , 2020-07-10 23:57:31 , 1281739357469044737 ,"Former training partners look to become king! üëë

@PetrYanUFC vs @JoseAldoJunior - Order now ‚û°Ô∏è https://t.co/bzG8eulB7q 

#UFC251 | #InAbuDhabi | @VisitAbuDhabi https://t.co/gsCxpRH3aC", empty , 1107 , 201 ,UFC    , https://twitter.com/id/status/1281739357469044737 
 outspoken311 , 2020-07-10 23:57:28 , 1281739347000262657 ,"""We were at the same gym in Miami and Kimbo would just see me hitting the bag and then a rapport was built.""

@GamebredFighter spoke to @bokamotoESPN about his start in backyard brawls promoted by the legendary Kimbo Slice. On Saturday, Masvidal fights for a UFC title üèÜ #UFC251 https://t.co/FQ74UKAl2a", empty , 5269 , 946 , empty , https://twitter.com/id/status/1281739347000262657 
 Sparky91783238 , 2020-07-10 23:57:25 , 1281739335625310208 ,"‚ù§Ô∏è this Tweet for a reminder to stream #UFC251 LIVE from Fight Island on 7/11, only on ESPN+ PPV #ESPNPlus #UFCFightIsland https://t.co/TikuZaPBIi", empty , 20732 , 2453 ,UFC    ESPNPlus UFCFightIsland , https://twitter.com/id/status/1281739335625310208 
 Stake , 2020-07-10 23:57:19 , 1281739309570314240 ,"#UFC251 isn't too far away! We've gone ahead and looked through the card to find value for you guys on what promises to be a classic card!

üëâ https://t.co/hz0hSumScZ https://t.co/tYhMQMWtod",https://pbs.twimg.com/media/EcmnHA-XoAIl13F.jpg , 9 , 5 ,UFC    , https://twitter.com/id/status/1281739309570314240 
 leo11249 , 2020-07-10 23:57:17 , 1281739300145520642 ,USMAN vs MASVIDAL! #UFC251 is LIVE TOMORROW on @espn+ PPV at 10pm ET #InAbuDhabi https://t.co/E8QcFSQ39m,https://video.twimg.com/ext_tw_video/1281613277311770624/pu/vid/640x360/wn6a5R6KsPE7TeEe.mp4?tag=10, 7659 , 1179 ,UFC    InAbuDhabi , https://twitter.com/id/status/1281739300145520642 
 hawkins_truth , 2020-07-10 23:57:15 , 1281739293627580416 ,"@BrendanSchaub @joerogan shit, @josealdojunior doesn‚Äôt look good!!! #UFC251 #ufc #UFCFightIsland", empty , 0 , 0 ,UFC    ufc UFCFightIsland , https://twitter.com/id/status/1281739293627580416 
 Jennings_Ben , 2020-07-10 23:57:13 , 1281739283905355776 ,"Battling uncertainty during a global pandemic, @TheRock applauds the UFC and its fighters' for their mentality that ""the show must always on."" #UFC251 https://t.co/GjUIJbD5R3", empty , 564 , 66 , empty , https://twitter.com/id/status/1281739283905355776 
 pereida_raul7 , 2020-07-10 23:57:13 , 1281739283426971648 ,@pereida_raul7 You‚Äôre all set! We‚Äôll send you a reminder on 7/11 to stream #UFC251 LIVE on ESPN+ #ESPNPlus #UFCFightIsland https://t.co/jLfQjoDKZL, empty , 1 , 1 ,UFC    ESPNPlus UFCFightIsland , https://twitter.com/id/status/1281739283426971648 
 ArjunSaraiMedia , 2020-07-10 23:57:03 , 1281739243094790144 ,"You don't want to miss ANY of the action tomorrow!! üî•

Order #UFC251 ‚û°Ô∏è https://t.co/05E97fg9UG

#InAbuDhabi @VisitAbuDhabi https://t.co/7ZZfjEGhgf", empty , 13 , 4 ,UFC    InAbuDhabi , https://twitter.com/id/status/1281739243094790144 
 ryoryo1109k , 2020-07-10 23:57:02 , 1281739239827181569 ,"We ùíéùíäùíàùíâùíï not need the judges for this one‚Ä¶üò≥

üá®üá≠ @Volkan_Oezdemir welcomes the debuting üá®üáø @Jiri_BJP to the Octagon to close the #UFC251 prelims!

#InAbuDhabi | @VisitAbuDhabi https://t.co/7kuPLrhx3O", empty , 239 , 41 , empty , https://twitter.com/id/status/1281739239827181569 
 chino_att , 2020-07-10 23:57:01 , 1281739233871437824 ,"What a wild week for the BMF... üòÖ

#InAbuDhabi | @VisitAbuDhabi | #UFC251 https://t.co/rCp81Sohgw",https://pbs.twimg.com/media/EcknpEGWAAEC4TT.png https://pbs.twimg.com/media/Ecknp37XkAIc5OJ.jpg , 8403 , 818 ,InAbuDhabi UFC    , https://twitter.com/id/status/1281739233871437824 
 LKA_Squaddy , 2020-07-10 23:57:00 , 1281739227760230400 ,"With experience on some of entertainment's biggest stages, @TheRock's advice to @GamebredFighter: ""Quiet the noise"" and ""do exactly what he was born to do."" #UFC251 https://t.co/mvUpQBDTPX", empty , 727 , 78 , empty , https://twitter.com/id/status/1281739227760230400 
 MUNCHmma , 2020-07-10 23:56:58 , 1281739219413749761 ,USMAN vs MASVIDAL! #UFC251 is LIVE TOMORROW on @espn+ PPV at 10pm ET #InAbuDhabi https://t.co/E8QcFSQ39m,https://video.twimg.com/ext_tw_video/1281613277311770624/pu/vid/640x360/wn6a5R6KsPE7TeEe.mp4?tag=10, 7659 , 1179 ,UFC    InAbuDhabi , https://twitter.com/id/status/1281739219413749761 
 Nasonsantiago_ , 2020-07-10 23:56:53 , 1281739201159901185 ,"ONE YEAR AGO.

ü§¨ @GamebredFighter gave us arguably the most iconic KO of all-time!

#InAbuDhabi @VisitAbuDhabi #UFC251 https://t.co/qkvIY5Y40k", empty , 25641 , 5747 ,InAbuDhabi UFC    , https://twitter.com/id/status/1281739201159901185 
 bubbaagin , 2020-07-10 23:56:48 , 1281739179257470981 ,"‚ù§Ô∏è this Tweet for a reminder to stream #UFC251 LIVE from Fight Island on 7/11, only on ESPN+ PPV #ESPNPlus #UFCFightIsland https://t.co/TikuZaPBIi", empty , 20732 , 2453 ,UFC    ESPNPlus UFCFightIsland , https://twitter.com/id/status/1281739179257470981 
 EricSama_MMA , 2020-07-10 23:56:46 , 1281739168868114433 ,Vanessa Melo 0-2 in the has missed weight all 3 times now.  She better win by flying-triangle-armbar tomorrow or she‚Äôs getting cut #UFCFightIsland #UFC251, empty , 4 , 1 , empty , https://twitter.com/id/status/1281739168868114433 
 CCerovec , 2020-07-10 23:56:45 , 1281739166376574976 ,On six days notice. #UFC251 https://t.co/aAjNHHs0vn,https://pbs.twimg.com/media/EckfsdEWoAEwcQo.jpg https://pbs.twimg.com/media/EckfsdMWsAAkDbn.jpg , 40486 , 5063 ,UFC    , https://twitter.com/id/status/1281739166376574976 
 hawkins_truth , 2020-07-10 23:56:32 , 1281739113113153537 ,@ufc shit @josealdojunior doesn‚Äôt look good #UFC251 https://t.co/mlFWaOoxjD,https://pbs.twimg.com/media/Ecmm6GxU4AE-WBx.jpg , 0 , 0 ,UFC    , https://twitter.com/id/status/1281739113113153537 
 ASimpNamedPlaya , 2020-07-10 23:56:29 , 1281739101117403138 ,Ready for #UFC251 @GamebredFighter @ufc https://t.co/pFXYnolJoB,https://pbs.twimg.com/media/Ecmm6V5UwAEswdW.jpg , 0 , 0 ,UFC    , https://twitter.com/id/status/1281739101117403138 
 hbroomfieldnews , 2020-07-10 23:56:26 , 1281739087821627392 ,Checkout my preview on tommorows #UFC251 prelims card beginning at 8 p.m. ET on @TSN_Sports https://t.co/32kNmyEyOs, empty , 3 , 3 ,UFC    , https://twitter.com/id/status/1281739087821627392 
 ItsTsunamiTime , 2020-07-10 23:56:26 , 1281739085820973056 ,"‚ù§Ô∏è this Tweet for a reminder to stream #UFC251 LIVE from Fight Island on 7/11, only on ESPN+ PPV #ESPNPlus #UFCFightIsland https://t.co/TikuZaPBIi", empty , 20732 , 2453 ,UFC    ESPNPlus UFCFightIsland , https://twitter.com/id/status/1281739085820973056 
 MUNCHmma , 2020-07-10 23:56:23 , 1281739074739605504 ,"1Ô∏è‚É£ day to go... #UFC251 üèÜ

#InAbuDhabi | @VisitAbuDhabi https://t.co/gTwy8aTIix",https://pbs.twimg.com/media/EchKAQSWkAEh8OW.jpg , 403 , 46 ,UFC    InAbuDhabi , https://twitter.com/id/status/1281739074739605504 
 M_A_V8 , 2020-07-10 23:56:13 , 1281739034147139587 ,On six days notice. #UFC251 https://t.co/aAjNHHs0vn,https://pbs.twimg.com/media/EckfsdEWoAEwcQo.jpg https://pbs.twimg.com/media/EckfsdMWsAAkDbn.jpg , 40486 , 5063 ,UFC    , https://twitter.com/id/status/1281739034147139587 
 AustinPARLAYMMA , 2020-07-10 23:56:11 , 1281739024009506817 ,"UFC 251 VIDEOPOSTER üî•üî•üå¥ TOMORROW FIGHTISLAND. Who leaves with gold?

Fullvideo here: https://t.co/YbHb4pCB9R

#UFC251 FIGHTNIGHT train: 
1. Like, share, retweet before the fight 
2. Tag fighters
3. Drop predictions ‚¨áÔ∏è‚¨áÔ∏è‚¨áÔ∏è
@btsportufc @ufc @espnmma #UFCFightIsland #InAbuDhabi https://t.co/tgs2oeuC4k", empty , 32 , 7 ,UFC    , https://twitter.com/id/status/1281739024009506817 
 Mohamed1994Elmi , 2020-07-10 23:56:08 , 1281739012886192128 ,"""The legend of Jorge Masvidal is very real down in Miami.""

@TheRock spoke to @MeganOlivi about the origins and recent ""awakening"" of @GamebredFighter ahead of #UFC251 https://t.co/ncokTuLugV", empty , 3255 , 495 , empty , https://twitter.com/id/status/1281739012886192128 
 jonzo_ball , 2020-07-10 23:56:07 , 1281739009065025536 ,On six days notice. #UFC251 https://t.co/aAjNHHs0vn,https://pbs.twimg.com/media/EckfsdEWoAEwcQo.jpg https://pbs.twimg.com/media/EckfsdMWsAAkDbn.jpg , 40486 , 5063 ,UFC    , https://twitter.com/id/status/1281739009065025536 
 Mohamed1994Elmi , 2020-07-10 23:56:06 , 1281739001888681986 ,"Great to chat with @MeganOlivi &amp; @espnmma about my brother @GamebredFighter and his huge fight this weekend against undefeated in the @ufc Welterweight Champion @USMAN84kg. 
When one‚Äôs mentality shifts, the world shifts with it. 
Can‚Äôt wait! üí™üèæ
#UFC251 #FightIsland https://t.co/n8SyB79lOy", empty , 1855 , 128 , empty , https://twitter.com/id/status/1281739001888681986 
 PWUOfficial , 2020-07-10 23:56:00 , 1281738976550780929 ,"UFC 251 Preview, Final Card, Predictions
 
https://t.co/r27cqa3lkG
 
#UFC #UFC251 #UFCFightIsland #KamaruUsman #JorgeMasvidal", empty , 0 , 0 ,UFC UFC    UFCFightIsland KamaruUsman JorgeMasvidal , https://twitter.com/id/status/1281738976550780929 
 ColemanBU11 , 2020-07-10 23:55:54 , 1281738954136522755 ,Vanessa Melo 0-2 in the has missed weight all 3 times now.  She better win by flying-triangle-armbar tomorrow or she‚Äôs getting cut #UFCFightIsland #UFC251, empty , 4 , 1 ,UFCFightIsland UFC    , https://twitter.com/id/status/1281738954136522755 
 chino_att , 2020-07-10 23:55:53 , 1281738949610872841 ,On six days notice. #UFC251 https://t.co/aAjNHHs0vn,https://pbs.twimg.com/media/EckfsdEWoAEwcQo.jpg https://pbs.twimg.com/media/EckfsdMWsAAkDbn.jpg , 40486 , 5063 ,UFC    , https://twitter.com/id/status/1281738949610872841 
 Ador99239016 , 2020-07-10 23:55:48 , 1281738925791313921 ,I think Jorge murders Usman tomorrow #UFC251, empty , 584 , 45 ,UFC    , https://twitter.com/id/status/1281738925791313921 
 ChouaibiTrema , 2020-07-10 23:55:46 , 1281738919755816961 ,Dana White says interest in #UFC251 is ‚Äúoff the charts‚Äù üëÄ https://t.co/CyZCnR6Ttw,https://pbs.twimg.com/media/EclW69rWAAIogyS.jpg , 5200 , 578 ,UFC    , https://twitter.com/id/status/1281738919755816961 
 dannykaea , 2020-07-10 23:55:40 , 1281738895592312832 ,"""You know why? Cuz I'm on the motherf---ing card, that's why!"" üò§

Jorge Masvidal's reaction to Dana White saying this PPV is trending at Conor-Khabib levels (via @ufc)

#UFC251 #UFCFightIsland https://t.co/4VUKwhikZy", empty , 3031 , 433 , empty , https://twitter.com/id/status/1281738895592312832 
 earthventure1 , 2020-07-10 23:55:39 , 1281738891549179904 ,"Doesn't matter who is the opponent, whether is one of the best welterweight of the world or the BMF Champ üèÜ, the result is going to be the same because the undisputed Champ, the Nigeria nightmare is going to take care of business July 11th. #MybrotherFromAnotherMother #ufc251 https://t.co/SBYkuZ4u5L", empty , 8278 , 856 , empty , https://twitter.com/id/status/1281738891549179904 
 yayaaaa91 , 2020-07-10 23:55:39 , 1281738891020496896 ,"The Nigerian Nightmare vs Gamebred.

IT'S HAPPENING.

üèÜ #InAbuDhabi @VisitAbuDhabi #UFC251 https://t.co/Gw57uCGulw",https://pbs.twimg.com/media/EckgiXQXkAIRcM9.jpg https://pbs.twimg.com/media/EckgiZbX0AEwDkh.jpg , 6095 , 1127 ,InAbuDhabi UFC    , https://twitter.com/id/status/1281738891020496896 
 Ador99239016 , 2020-07-10 23:55:34 , 1281738866672627712 ,On six days notice. #UFC251 https://t.co/aAjNHHs0vn,https://pbs.twimg.com/media/EckfsdEWoAEwcQo.jpg https://pbs.twimg.com/media/EckfsdMWsAAkDbn.jpg , 40486 , 5063 ,UFC    , https://twitter.com/id/status/1281738866672627712 
 SouzaDylan , 2020-07-10 23:55:19 , 1281738804974497799 ,Dana White says this @GamebredFighter vs @USMAN84kg fight is trending higher than a Conor McGregor fight. The only thing this is comparable to is @TheNotoriousMMA vs @TeamKhabib #UFC251 #UFCFightIsland https://t.co/lXNkvUVSwd, empty , 1141 , 119 , empty , https://twitter.com/id/status/1281738804974497799 
 Lilj0614 , 2020-07-10 23:55:19 , 1281738804047630347 ,"‚ù§Ô∏è this Tweet for a reminder to stream #UFC251 LIVE from Fight Island on 7/11, only on ESPN+ PPV #ESPNPlus #UFCFightIsland https://t.co/TikuZaPBIi", empty , 20732 , 2453 ,UFC    ESPNPlus UFCFightIsland , https://twitter.com/id/status/1281738804047630347 
